StudentID,StudyHours,PreviousScores,FinalExamScore
1,8.777482,75,64
2,9.161915,55,82
3,3.27801,77,70
4,4.500247,60,60
5,2.264931,72,60
6,5.178765,87,81
7,5.195977,45,85
8,7.551904,68,57
9,1.940879,73,65
10,3.315756,78,68
11,4.599099,99,81
12,2.471536,68,96
13,6.708061,63,85
14,6.692461,44,93
15,9.654504,85,52
16,6.392792,86,43
17,4.655716,57,99
18,6.33988,69,42
19,6.195849,52,76
20,7.819022,90,79
